Adresse,Postnummer,Størrelse,URL
Kildals vei 17B,0678,,https://www.finn.no/realestate/lettings/ad.html?finnkode=403214323
Eilert Sundts gate 43,0355,,https://www.finn.no/realestate/lettings/ad.html?finnkode=406152465
BJØRN LIES VEI 14,1285,,https://www.finn.no/realestate/lettings/ad.html?finnkode=83816306
ELLINGSRUDVEIEN 1 C,1089,,https://www.finn.no/realestate/lettings/ad.html?finnkode=308209672
Jacob Aallsgate 1b,0368,38,https://www.finn.no/realestate/lettings/ad.html?finnkode=406273966
Bertrand Narvesensvei 43,0653,42,https://www.finn.no/realestate/lettings/ad.html?finnkode=317355818
Behrens' Gate 2,0257,30,https://www.finn.no/realestate/lettings/ad.html?finnkode=274166499
Kingos Gate 16,0457,31,https://www.finn.no/realestate/lettings/ad.html?finnkode=406230345
LEIRFALLSGATA 5,0550,,https://www.finn.no/realestate/lettings/ad.html?finnkode=406121048
Romsdalsgata 10,0667,,https://www.finn.no/realestate/lettings/ad.html?finnkode=134168451
Sørvangen 15,0282,,https://www.finn.no/realestate/lettings/ad.html?finnkode=222957764
0576 Oslo,,,https://www.finn.no/realestate/lettings/ad.html?finnkode=329918192
BADEBAKKEN 20,0467,,https://www.finn.no/realestate/lettings/ad.html?finnkode=393517887
FUGLELIVEIEN 27 C,0682,68,https://www.finn.no/realestate/lettings/ad.html?finnkode=406118497
Øvre Gate 5,0551,,https://www.finn.no/realestate/lettings/ad.html?finnkode=206183754
Jacob Aalls Gate 14,0368,27,https://www.finn.no/realestate/lettings/ad.html?finnkode=406286249
Trosterudstien 8,0778,32,https://www.finn.no/realestate/lettings/ad.html?finnkode=344366999
Hjørungveien 7,0375,48,https://www.finn.no/realestate/lettings/ad.html?finnkode=348164915
Hedmarksgaten 10B,0658,,https://www.finn.no/realestate/lettings/ad.html?finnkode=43316883
Vester Haugen 54,1054,58,https://www.finn.no/realestate/lettings/ad.html?finnkode=397470134
Rosenlundgata 11,0474,,https://www.finn.no/realestate/lettings/ad.html?finnkode=240814541
